{
  "proba_Recovering_given_InGeneralWard": [0.819693167052281],
  "proba_Die_after_Declining_InGeneralWard": [0.18723832527549833],
  "pmf_duration_Recovering_InGeneralWard": {"1": [0.05611386346908394], "2": [0.1158671345998177], "3": [0.15867887492315733], "4": [0.17090739868852825], "5": [0.1552345758303514], "6": [0.12353960686679855], "7": [0.08825040683650415], "8": [0.05753971398923388], "9": [0.03466283212793823], "10": [0.019474102474035842], "11": [0.01027883646052384], "12": [0.005127542709024577], "13": [0.002429341321953272], "14": [0.00109767706918534], "15": [0.00047467277587844345], "16": [0.0001970442360716518], "17": [7.872792955765055e-05], "18": [3.034565857380548e-05], "19": [1.1307295031548952e-05], "20": [4.080473815551542e-06], "21": [1.4284526545616846e-06], "22": [4.85812280400285e-07], "lam": [3.400529672483585], "tau": [0.2273823179673836]},
  "pmf_duration_Declining_InGeneralWard": {"1": [0.009620668794327748], "2": [0.0255594111223054], "3": [0.04746622832590678], "4": [0.07149078924228576], "5": [0.09280519173107622], "6": [0.10735712379959456], "7": [0.11302760775838384], "8": [0.10988883783189532], "9": [0.09971581919073422], "10": [0.08514305260415418], "11": [0.06884875838243194], "12": [0.05299801476256785], "13": [0.03900331946037444], "14": [0.027541366223224933], "15": [0.01871728378826901], "16": [0.01227499173185446], "17": [0.007786100223485824], "18": [0.00478649132393129], "19": [0.002856871665251551], "20": [0.0016581884437335533], "21": [0.0009372794180922727], "22": [0.0005166041761187324], "lam": [6.628604506990417], "tau": [0.28684670441895943]},
  "proba_Recovering_given_OffVentInICU": [0.19630423126062332],
  "proba_Die_after_Declining_OffVentInICU": [0.2643068726391877],
  "pmf_duration_Recovering_OffVentInICU": {"1": [0.049678055835530324], "2": [0.06045458997969282], "3": [0.06744894791344369], "4": [0.0715248577166103], "5": [0.07316175477641346], "6": [0.07277269968602659], "7": [0.07075082693609193], "8": [0.06746929641552339], "9": [0.06327242842895323], "10": [0.058467356705067065], "11": [0.05331863763284343], "12": [0.04804610231147914], "13": [0.04282549649478811], "14": [0.03779122682271102], "15": [0.033040519167348334], "16": [0.028638374883276807], "17": [0.024622826382240375], "18": [0.02101011567238939], "19": [0.01779953313104492], "20": [0.014977751427936005], "21": [0.012522568439217494], "22": [0.010406033241372155], "lam": [4.791695479715945], "tau": [0.9020520323967596]},
  "pmf_duration_Declining_OffVentInICU": {"1": [0.0015464794086711639], "2": [0.006322199323859675], "3": [0.0163765024551321], "4": [0.03248265202594842], "5": [0.05331303157602247], "6": [0.07554721211265053], "7": [0.09494622363010319], "8": [0.10781152890741832], "9": [0.1121181782379272], "10": [0.10789781260308622], "11": [0.09687832745727946], "12": [0.081694233762467], "13": [0.06505483589526541], "14": [0.049145473498477754], "15": [0.03535899894966141], "16": [0.024310355378953447], "17": [0.01601883999941326], "18": [0.010142341151461145], "19": [0.006184487995828536], "20": [0.0036392462724273633], "21": [0.002070400511459892], "22": [0.0011406388464857025], "lam": [8.490438735099941], "tau": [0.18156951460872955]},
  "proba_Recovering_given_OnVentInICU": [0.03258820829284595],
  "proba_Die_after_Declining_OnVentInICU": [1.0],
  "pmf_duration_Recovering_OnVentInICU": {"1": [0.03143157026854294], "2": [0.035473867156404625], "3": [0.038689785995479564], "4": [0.041361349277374136], "5": [0.04359411092906613], "6": [0.04544423721909302], "7": [0.04694858673043523], "8": [0.048135187050912104], "9": [0.04902765552911707], "10": [0.04964727420871656], "11": [0.05001401702696758], "12": [0.05014706238314621], "13": [0.050065036532834006], "14": [0.04978611091693665], "15": [0.049328019346750275], "16": [0.04870803214951466], "17": [0.04794290893609503], "18": [0.04704884294061886], "19": [0.04604140475033618], "20": [0.044935490110020626], "21": [0.043745274513755296], "22": [0.042484176027883166], "lam": [11.608434027877735], "tau": [1.306746911314382]},
  "pmf_duration_Declining_OnVentInICU": {"1": [0.032829681159218985], "2": [0.03716510736749466], "3": [0.040543496094509246], "4": [0.043281179955159385], "5": [0.045499012690593095], "6": [0.04726365553638732], "7": [0.04862082033230538], "8": [0.04960672261832667], "9": [0.05025282635272588], "10": [0.05058800574931188], "11": [0.050639565626282725], "12": [0.05043371102062759], "13": [0.049995737139350946], "14": [0.04935007478883502], "15": [0.0485202628936018], "16": [0.047528887706573646], "17": [0.04639751117035045], "18": [0.04514660123824194], "19": [0.04379547130691138], "20": [0.042362232491237224], "21": [0.04086376035702207], "22": [0.03931567640493298], "lam": [10.192501824700907], "tau": [1.2722447846212983]}
}